{"cameraMode":{"drawMode":0,"name":"Shaded","section":"Shading Mode"},"sceneLighting":false,"audioPlay":false,"sceneViewState":{"showFog":true,"showMaterialUpdate":false,"showSkybox":false,"showFlares":true,"showImageEffects":true,"showParticleSystems":true},"in2DMode":false,"pivot":{"x":-0.004013396799564362,"y":-0.0036158710718154909,"z":0.02346038818359375},"rotation":{"x":0.07366451621055603,"y":0.9258767366409302,"z":-0.2787897288799286,"w":0.24430182576179505},"size":0.3818916082382202,"orthographic":false}