{"cameraMode":{"drawMode":0,"name":"Shaded","section":"Shading Mode"},"sceneLighting":false,"audioPlay":false,"sceneViewState":{"showFog":true,"showMaterialUpdate":false,"showSkybox":false,"showFlares":true,"showImageEffects":true,"showParticleSystems":true},"in2DMode":false,"pivot":{"x":0.44227373600006106,"y":1.0048118829727173,"z":-1.436711072921753},"rotation":{"x":0.19631049036979676,"y":0.37770333886146548,"z":-0.08228267729282379,"w":0.9011313319206238},"size":0.5625063180923462,"orthographic":true}