{"cameraMode":{"drawMode":0,"name":"Shaded","section":"Shading Mode"},"sceneLighting":false,"audioPlay":false,"sceneViewState":{"showFog":true,"showMaterialUpdate":false,"showSkybox":false,"showFlares":true,"showImageEffects":true,"showParticleSystems":true},"in2DMode":false,"pivot":{"x":-0.02127397060394287,"y":-0.04181034117937088,"z":-0.08104658126831055},"rotation":{"x":-0.06468052417039871,"y":-0.5034282803535461,"z":0.03782772645354271,"w":-0.860785186290741},"size":0.5473452210426331,"orthographic":true}