{"cameraMode":{"drawMode":0,"name":"Shaded","section":"Shading Mode"},"sceneLighting":false,"audioPlay":false,"sceneViewState":{"showFog":true,"showMaterialUpdate":false,"showSkybox":false,"showFlares":true,"showImageEffects":true,"showParticleSystems":true},"in2DMode":false,"pivot":{"x":-7.152557373046875e-7,"y":0.8657653331756592,"z":-0.04685625433921814},"rotation":{"x":0.02161956951022148,"y":0.9534469246864319,"z":-0.29242801666259768,"w":0.07048818469047547},"size":1.4234464168548585,"orthographic":true}