{"cameraMode":{"drawMode":0,"name":"Shaded","section":"Shading Mode"},"sceneLighting":false,"audioPlay":false,"sceneViewState":{"showFog":true,"showMaterialUpdate":false,"showSkybox":false,"showFlares":true,"showImageEffects":true,"showParticleSystems":true},"in2DMode":false,"pivot":{"x":-7.25,"y":47.87135314941406,"z":13.399999618530274},"rotation":{"x":0.2945674955844879,"y":-0.5343113541603088,"z":0.20570597052574159,"w":0.7651330828666687},"size":29.65766716003418,"orthographic":true}