{"cameraMode":{"drawMode":0,"name":"Shaded","section":"Shading Mode"},"sceneLighting":false,"audioPlay":false,"sceneViewState":{"showFog":true,"showMaterialUpdate":false,"showSkybox":false,"showFlares":true,"showImageEffects":true,"showParticleSystems":true},"in2DMode":false,"pivot":{"x":0.11819099634885788,"y":-0.15046897530555726,"z":0.2701408863067627},"rotation":{"x":0.023790398612618448,"y":0.9760897159576416,"z":-0.16042669117450715,"w":0.14482541382312776},"size":0.4984150528907776,"orthographic":true}