{"cameraMode":{"drawMode":0,"name":"Shaded","section":"Shading Mode"},"sceneLighting":false,"audioPlay":false,"sceneViewState":{"showFog":true,"showMaterialUpdate":false,"showSkybox":false,"showFlares":true,"showImageEffects":true,"showParticleSystems":true},"in2DMode":false,"pivot":{"x":-4.007330894470215,"y":2.20828914642334,"z":10.841024398803711},"rotation":{"x":0.19583304226398469,"y":0.6488103866577148,"z":-0.17809650301933289,"w":0.7134267687797546},"size":1.5809154510498047,"orthographic":false}