{"cameraMode":{"drawMode":0,"name":"Shaded","section":"Shading Mode"},"sceneLighting":false,"audioPlay":false,"sceneViewState":{"showFog":true,"showMaterialUpdate":false,"showSkybox":false,"showFlares":true,"showImageEffects":true,"showParticleSystems":true},"in2DMode":false,"pivot":{"x":4.76837158203125e-7,"y":0.8790801763534546,"z":-0.06587257981300354},"rotation":{"x":0.02161956951022148,"y":0.9534469246864319,"z":-0.29242801666259768,"w":0.07048818469047547},"size":1.4522557258605958,"orthographic":true}