{"cameraMode":{"drawMode":0,"name":"Shaded","section":"Shading Mode"},"sceneLighting":false,"audioPlay":false,"sceneViewState":{"showFog":true,"showMaterialUpdate":false,"showSkybox":false,"showFlares":true,"showImageEffects":true,"showParticleSystems":true},"in2DMode":false,"pivot":{"x":1.116831660270691,"y":2.4407010078430177,"z":2.5126028060913088},"rotation":{"x":0.09642551094293595,"y":-0.02239488810300827,"z":0.002163075376302004,"w":0.9950988292694092},"size":3.0670006275177,"orthographic":true}