{"cameraMode":{"drawMode":0,"name":"Shaded","section":"Shading Mode"},"sceneLighting":false,"audioPlay":false,"sceneViewState":{"showFog":true,"showMaterialUpdate":false,"showSkybox":false,"showFlares":true,"showImageEffects":true,"showParticleSystems":true},"in2DMode":false,"pivot":{"x":21.21768569946289,"y":54.41400909423828,"z":6.157773017883301},"rotation":{"x":0.22455771267414094,"y":0.2638867497444153,"z":-0.06340678036212921,"w":0.9359561800956726},"size":10.587034225463868,"orthographic":true}