{"cameraMode":{"drawMode":0,"name":"Shaded","section":"Shading Mode"},"sceneLighting":false,"audioPlay":false,"sceneViewState":{"showFog":true,"showMaterialUpdate":false,"showSkybox":false,"showFlares":true,"showImageEffects":true,"showParticleSystems":true},"in2DMode":false,"pivot":{"x":-0.11997559666633606,"y":0.33895570039749148,"z":-0.20662939548492433},"rotation":{"x":0.11967587471008301,"y":0.8799181580543518,"z":-0.3390725255012512,"w":0.3105677366256714},"size":0.7035253047943115,"orthographic":false}