{"cameraMode":{"drawMode":0,"name":"Shaded","section":"Shading Mode"},"sceneLighting":false,"audioPlay":false,"sceneViewState":{"showFog":true,"showMaterialUpdate":false,"showSkybox":false,"showFlares":true,"showImageEffects":true,"showParticleSystems":true},"in2DMode":false,"pivot":{"x":24.03241539001465,"y":54.67272186279297,"z":-4.890499114990234},"rotation":{"x":0.11967587471008301,"y":0.8799181580543518,"z":-0.3390725255012512,"w":0.3105677366256714},"size":4.585463047027588,"orthographic":false}