{"cameraMode":{"drawMode":0,"name":"Shaded","section":"Shading Mode"},"sceneLighting":false,"audioPlay":false,"sceneViewState":{"showFog":true,"showMaterialUpdate":false,"showSkybox":false,"showFlares":true,"showImageEffects":true,"showParticleSystems":true},"in2DMode":false,"pivot":{"x":13.907684326171875,"y":55.84900665283203,"z":9.12777328491211},"rotation":{"x":0.4492476284503937,"y":-0.51968914270401,"z":0.3751177191734314,"w":0.6224223971366882},"size":6.159661769866943,"orthographic":true}