{"cameraMode":{"drawMode":0,"name":"Shaded","section":"Shading Mode"},"sceneLighting":false,"audioPlay":false,"sceneViewState":{"showFog":true,"showMaterialUpdate":false,"showSkybox":false,"showFlares":true,"showImageEffects":true,"showParticleSystems":true},"in2DMode":false,"pivot":{"x":-0.000009775161743164063,"y":0.8544807434082031,"z":-0.05894383788108826},"rotation":{"x":0.13433189690113069,"y":-0.8654031157493591,"z":0.35269731283187868,"w":0.32960689067840578},"size":1.424291968345642,"orthographic":false}