{"cameraMode":{"drawMode":0,"name":"Shaded","section":"Shading Mode"},"sceneLighting":false,"audioPlay":false,"sceneViewState":{"showFog":true,"showMaterialUpdate":false,"showSkybox":false,"showFlares":true,"showImageEffects":true,"showParticleSystems":true},"in2DMode":false,"pivot":{"x":-3.291688919067383,"y":48.62274169921875,"z":30.182758331298829},"rotation":{"x":-0.13574224710464478,"y":0.7596927285194397,"z":-0.16813573241233827,"w":-0.6133285760879517},"size":13.249073028564454,"orthographic":false}