{"cameraMode":{"drawMode":0,"name":"Shaded","section":"Shading Mode"},"sceneLighting":false,"audioPlay":false,"sceneViewState":{"showFog":true,"showMaterialUpdate":false,"showSkybox":false,"showFlares":true,"showImageEffects":true,"showParticleSystems":true},"in2DMode":false,"pivot":{"x":0.0000010728836059570313,"y":0.8709697127342224,"z":-0.05633027106523514},"rotation":{"x":0.2480214536190033,"y":0.058084093034267429,"z":-0.01489933580160141,"w":0.9669013619422913},"size":1.4377108812332154,"orthographic":true}