{"cameraMode":{"drawMode":0,"name":"Shaded","section":"Shading Mode"},"sceneLighting":false,"audioPlay":false,"sceneViewState":{"showFog":true,"showMaterialUpdate":false,"showSkybox":false,"showFlares":true,"showImageEffects":true,"showParticleSystems":true},"in2DMode":false,"pivot":{"x":0.0,"y":0.00009230244904756546,"z":-0.0008105561137199402},"rotation":{"x":-0.14647556841373444,"y":0.26648595929145815,"z":-0.041021913290023807,"w":-0.9517874717712402},"size":0.05346548557281494,"orthographic":true}