{"cameraMode":{"drawMode":0,"name":"Shaded","section":"Shading Mode"},"sceneLighting":false,"audioPlay":false,"sceneViewState":{"showFog":true,"showMaterialUpdate":false,"showSkybox":false,"showFlares":true,"showImageEffects":true,"showParticleSystems":true},"in2DMode":false,"pivot":{"x":0.10499999672174454,"y":-0.06973518431186676,"z":0.22406592965126038},"rotation":{"x":0.16571485996246339,"y":-0.5633164048194885,"z":0.11653570830821991,"w":0.8010271787643433},"size":0.0969778299331665,"orthographic":false}