{"cameraMode":{"drawMode":0,"name":"Shaded","section":"Shading Mode"},"sceneLighting":false,"audioPlay":false,"sceneViewState":{"showFog":true,"showMaterialUpdate":false,"showSkybox":false,"showFlares":true,"showImageEffects":true,"showParticleSystems":true},"in2DMode":false,"pivot":{"x":50.7400016784668,"y":80.68743896484375,"z":8.358644485473633},"rotation":{"x":0.11888718605041504,"y":-0.8118637800216675,"z":0.17762582004070283,"w":0.5433452725410461},"size":1.0792163610458375,"orthographic":true}