{"cameraMode":{"drawMode":0,"name":"Shaded","section":"Shading Mode"},"sceneLighting":false,"audioPlay":false,"sceneViewState":{"showFog":true,"showMaterialUpdate":false,"showSkybox":false,"showFlares":true,"showImageEffects":true,"showParticleSystems":true},"in2DMode":false,"pivot":{"x":5.21540641784668e-8,"y":0.0030397623777389528,"z":-0.003649994730949402},"rotation":{"x":-0.17232203483581544,"y":0.28786391019821169,"z":-0.05275057256221771,"w":-0.9405912756919861},"size":0.08632078766822815,"orthographic":true}