{"cameraMode":{"drawMode":0,"name":"Shaded","section":"Shading Mode"},"sceneLighting":false,"audioPlay":false,"sceneViewState":{"showFog":true,"showMaterialUpdate":false,"showSkybox":false,"showFlares":true,"showImageEffects":true,"showParticleSystems":true},"in2DMode":false,"pivot":{"x":0.0,"y":0.17973998188972474,"z":0.004102349281311035},"rotation":{"x":-0.11791960895061493,"y":0.8744565844535828,"z":-0.26533398032188418,"w":-0.3886261582374573},"size":0.3562079668045044,"orthographic":true}