{"cameraMode":{"drawMode":0,"name":"Shaded","section":"Shading Mode"},"sceneLighting":false,"audioPlay":false,"sceneViewState":{"showFog":true,"showMaterialUpdate":false,"showSkybox":false,"showFlares":true,"showImageEffects":true,"showParticleSystems":true},"in2DMode":false,"pivot":{"x":0.11127904057502747,"y":-0.16957807540893556,"z":0.2025977373123169},"rotation":{"x":-0.1017400398850441,"y":0.04056914523243904,"z":-0.004135138355195522,"w":-0.9939916729927063},"size":0.4035252630710602,"orthographic":true}