{"cameraMode":{"drawMode":0,"name":"Shaded","section":"Shading Mode"},"sceneLighting":false,"audioPlay":false,"sceneViewState":{"showFog":true,"showMaterialUpdate":false,"showSkybox":false,"showFlares":true,"showImageEffects":true,"showParticleSystems":true},"in2DMode":false,"pivot":{"x":0.0,"y":0.8499972820281982,"z":-0.07510226219892502},"rotation":{"x":0.13433189690113069,"y":-0.8654031157493591,"z":0.35269731283187868,"w":0.32960689067840578},"size":1.4153773784637452,"orthographic":false}