{"cameraMode":{"drawMode":0,"name":"Shaded","section":"Shading Mode"},"sceneLighting":false,"audioPlay":false,"sceneViewState":{"showFog":true,"showMaterialUpdate":false,"showSkybox":false,"showFlares":true,"showImageEffects":true,"showParticleSystems":true},"in2DMode":false,"pivot":{"x":913.5777587890625,"y":362.2876892089844,"z":-265.149658203125},"rotation":{"x":-0.014099509455263615,"y":0.00030131556559354067,"z":0.0000037144450288906229,"w":0.9999027848243713},"size":543.1680297851563,"orthographic":false}