{"cameraMode":{"drawMode":0,"name":"Shaded","section":"Shading Mode"},"sceneLighting":false,"audioPlay":false,"sceneViewState":{"showFog":true,"showMaterialUpdate":false,"showSkybox":false,"showFlares":true,"showImageEffects":true,"showParticleSystems":true},"in2DMode":false,"pivot":{"x":-3.5762786865234377e-7,"y":0.8617839217185974,"z":-0.029551535844802858},"rotation":{"x":0.13433189690113069,"y":-0.8654031157493591,"z":0.35269731283187868,"w":0.32960689067840578},"size":1.4272112846374512,"orthographic":false}