{"cameraMode":{"drawMode":0,"name":"Shaded","section":"Shading Mode"},"sceneLighting":false,"audioPlay":false,"sceneViewState":{"showFog":true,"showMaterialUpdate":false,"showSkybox":false,"showFlares":true,"showImageEffects":true,"showParticleSystems":true},"in2DMode":false,"pivot":{"x":-13.974437713623047,"y":6.09066915512085,"z":-7.045327663421631},"rotation":{"x":-0.09264041483402252,"y":0.9073331356048584,"z":-0.28604674339294436,"w":-0.2938520908355713},"size":0.5503555536270142,"orthographic":false}