{"cameraMode":{"drawMode":0,"name":"Shaded","section":"Shading Mode"},"sceneLighting":false,"audioPlay":false,"sceneViewState":{"showFog":true,"showMaterialUpdate":false,"showSkybox":false,"showFlares":true,"showImageEffects":true,"showParticleSystems":true},"in2DMode":false,"pivot":{"x":-31.045129776000978,"y":51.54986572265625,"z":4.46720027923584},"rotation":{"x":0.2800757586956024,"y":0.45467516779899599,"z":-0.153151273727417,"w":0.8314898610115051},"size":1.1054127216339112,"orthographic":true}