{"cameraMode":{"drawMode":0,"name":"Shaded","section":"Shading Mode"},"sceneLighting":false,"audioPlay":false,"sceneViewState":{"showFog":true,"showMaterialUpdate":false,"showSkybox":false,"showFlares":true,"showImageEffects":true,"showParticleSystems":true},"in2DMode":false,"pivot":{"x":0.0,"y":0.24938638508319856,"z":-0.005510061979293823},"rotation":{"x":0.07366451621055603,"y":0.9258767366409302,"z":-0.2787897288799286,"w":0.24430182576179505},"size":1.0976145267486573,"orthographic":false}