{"cameraMode":{"drawMode":0,"name":"Shaded","section":"Shading Mode"},"sceneLighting":false,"audioPlay":false,"sceneViewState":{"showFog":true,"showMaterialUpdate":false,"showSkybox":false,"showFlares":true,"showImageEffects":true,"showParticleSystems":true},"in2DMode":false,"pivot":{"x":0.0,"y":-0.23684263229370118,"z":0.19117897748947144},"rotation":{"x":-0.007441182620823383,"y":0.9884387850761414,"z":-0.14241810142993928,"w":-0.05164630338549614},"size":2.84101939201355,"orthographic":true}