{"cameraMode":{"drawMode":0,"name":"Shaded","section":"Shading Mode"},"sceneLighting":false,"audioPlay":false,"sceneViewState":{"showFog":true,"showMaterialUpdate":false,"showSkybox":false,"showFlares":true,"showImageEffects":true,"showParticleSystems":true},"in2DMode":false,"pivot":{"x":0.04699186608195305,"y":-0.11364613473415375,"z":0.05396862328052521},"rotation":{"x":0.018542727455496789,"y":0.9580325484275818,"z":-0.2791127860546112,"w":0.0633038878440857},"size":0.3818916082382202,"orthographic":false}