{"cameraMode":{"drawMode":0,"name":"Shaded","section":"Shading Mode"},"sceneLighting":false,"audioPlay":false,"sceneViewState":{"showFog":true,"showMaterialUpdate":false,"showSkybox":false,"showFlares":true,"showImageEffects":true,"showParticleSystems":true},"in2DMode":false,"pivot":{"x":36.056373596191409,"y":83.83346557617188,"z":-4.451311111450195},"rotation":{"x":0.044792428612709048,"y":0.9057266116142273,"z":-0.09902320802211762,"w":0.4096946120262146},"size":0.8867482542991638,"orthographic":false}